treatment,groups,n_treatment,revenue_share_pct,incremental_spend,budget_remaining,n_comparison,internal_overlap_pct,trt_ctrl_overlap_pct,n_calendar_flags,calendar_flags,comparison_pool,rev_share_dist_from_mid,rank
GA+MO+NV+WI,GA|MO|NV|WI,4,14.9168,255452.96,44547.04,11,0.0,0.0,0,,CA;CO;IN;KY;MI;NC;OH;PA;SC;TN;TX,3.5831999999999997,1
GA+MO+WI,GA|MO|WI,3,13.6499,235293.74,64706.26,12,0.0,0.0,0,,CA;CO;IN;KY;MI;NC;NV;OH;PA;SC;TN;TX,4.850099999999999,2
GA+IN+MI+NV,GA|IN|MI|NV,4,15.6036,266609.62,33390.38,11,2.0,0.0,0,,CA;CO;KY;MO;NC;OH;PA;SC;TN;TX;WI,2.8964,3
IN+MI+MO+NV,IN|MI|MO|NV,4,15.0092,255687.94,44312.06,11,2.0,0.0,0,,CA;CO;GA;KY;NC;OH;PA;SC;TN;TX;WI,3.4908,4
GA+IN+MI,GA|IN|MI,3,14.3367,246450.4,53549.6,12,2.0,0.0,0,,CA;CO;KY;MO;NC;NV;OH;PA;SC;TN;TX;WI,4.1633,5
IN+MI+NV+WI,IN|MI|NV|WI,4,14.283,244552.56,55447.44,11,2.0,0.0,0,,CA;CO;GA;KY;MO;NC;OH;PA;SC;TN;TX,4.2170000000000005,6
IN+MI+MO,IN|MI|MO,3,13.7423,235528.72,64471.28,12,2.0,0.0,0,,CA;CO;GA;KY;NC;NV;OH;PA;SC;TN;TX;WI,4.7577,7
IN+MI+WI,IN|MI|WI,3,13.0161,224393.34,75606.66,12,2.0,0.0,0,,CA;CO;GA;KY;MO;NC;NV;OH;PA;SC;TN;TX,5.4839,8
MO+NV+OH+PA,MO|NV|OH|PA,4,17.2715,294265.66,5734.34,11,3.0,0.0,0,,CA;CO;GA;IN;KY;MI;NC;SC;TN;TX;WI,1.2285000000000004,9
GA+OH+PA,GA|OH|PA,3,16.5991,285028.13,14971.87,12,3.0,0.0,0,,CA;CO;IN;KY;MI;MO;NC;NV;SC;TN;TX;WI,1.9009,10
