state,can_increase_spend,delivery_group,planned_bau_daily_spend_usd,audited_last_28d_revenue_usd
OH,1,OH,8003.53,2432183.37
PA,1,PA,9461.11,2837053.11
MI,1,MI,6506.54,1943186.37
WI,1,WI,6014.92,1786025.45
MO,1,MO,7009.15,2121349.69
IN,1,IN,7513.66,2281337.99
TN,1,TN,8493.23,2544780.1
KY,1,KY,5508.1,1679472.47
CA,0,CA,33994.19,10032181.32
TX,1,TX,16006.61,5391706.39
FL,1,FL,11488.96,3540331.63
GA,1,GA,7984.3,2395848.87
NC,1,NC_SC,7006.32,2079247.48
SC,1,NC_SC,5990.46,1783246.37
NV,1,NV,1799.93,585013.64
CO,1,CO,8986.41,2744745.41
