state,mean,std,min,max,count,cv_pct,revenue_share_pct,incr_spend_28d,can_increase_spend
CA,351581.4150714286,26015.079315994753,286210.38,423978.56,140,7.4,21.725,380734.93,0
TX,172719.2427142857,15786.360650034572,136825.26,206427.67,140,9.14,11.676,179274.03,1
FL,122065.25964285716,8817.74543894465,98890.16,147758.51,140,7.22,7.667,128676.35,1
PA,99880.94214285715,7789.624833372193,81131.35,122578.12,140,7.8,6.144,105964.43,1
CO,94878.0215,7320.810914114841,81105.83,115103.79,140,7.72,5.944,100647.79,1
TN,89351.01235714286,6394.189510169092,74976.66,105255.82,140,7.16,5.511,95124.18,1
OH,83816.417,6223.717504119583,68894.2,103616.12,140,7.43,5.267,89639.54,1
GA,84505.124140625,6469.207198404904,73068.23,106450.97,128,7.66,5.188,89424.16,1
IN,79234.95092857143,5680.32057896153,66821.93,97291.75,140,7.17,4.94,84152.99,1
MO,73914.82785714285,5448.584928970053,63169.85,89975.58,140,7.37,4.594,78502.48,1
NC,73040.95307142856,5511.226235873031,59455.28,88303.51,140,7.55,4.503,78470.78,1
MI,68319.65849999999,4442.451215198653,58599.38,80716.68,140,6.5,4.208,72873.25,1
WI,62359.36735714285,4433.886758111308,54872.95,75793.97,140,7.11,3.868,67367.1,1
SC,62607.913857142856,4732.438967957185,50646.18,75843.81,140,7.56,3.862,67093.15,1
KY,58652.109,4197.260630545821,48979.69,70258.93,140,7.16,3.637,61690.72,1
NV,19771.463428571427,6422.11597796428,7161.21,53998.83,140,32.48,1.267,20159.22,1
