rank_pre_geox,treatment,revenue_share_pct,incremental_spend,n_calendar_flags,trt_ctrl_overlap_pct,internal_overlap_pct,pre_r2,pre_rmse,approx_mde_pct,approx_mde_abs,mde_ok_approx,placebo_mean,placebo_std,screen_rank
9,MO+NV+OH+PA,17.2715,294265.66,0,0.0,3.0,0.8856,6796.57,0.0137,106117.83,True,1785.93,3752.87,1
3,GA+IN+MI+NV,15.6036,266609.62,0,0.0,2.0,0.84,6781.75,0.015,105843.4,True,154.64,3588.65,2
5,GA+IN+MI,14.3367,246450.4,0,0.0,2.0,0.927,4155.38,0.0151,98186.69,True,-1109.24,4115.41,3
8,IN+MI+WI,13.0161,224393.34,0,0.0,2.0,0.9328,3553.43,0.0152,89400.58,True,-1351.0,2976.07,4
10,GA+OH+PA,16.5991,285028.13,0,0.0,3.0,0.949,4350.88,0.0155,116438.84,True,238.49,4323.64,5
4,IN+MI+MO+NV,15.0092,255687.94,0,0.0,2.0,0.8174,7039.47,0.0172,116459.97,True,271.25,5299.88,6
2,GA+MO+WI,13.6499,235293.74,0,0.0,0.0,0.9256,4170.82,0.0185,114041.41,True,-1273.24,3543.53,7
7,IN+MI+MO,13.7423,235528.72,0,0.0,2.0,0.924,4088.52,0.0193,119894.3,True,-1070.47,4285.25,8
6,IN+MI+NV+WI,14.283,244552.56,0,0.0,2.0,0.7804,7352.23,0.0194,124490.64,True,-460.8,5765.8,9
1,GA+MO+NV+WI,14.9168,255452.96,0,0.0,0.0,0.7776,8098.8,0.023,154900.3,True,114.93,7026.63,10
